run_label,model_name,held_out_type,held_out_name,eval_loss,mean_summed_nll_per_item,sem_nll_per_item,n_items,n_sequences,timestamp
loo_Dymarska2025_associations,ours,study,Dymarska2025_associations,2.62460345435319,6.198265506537426,0.034163208717619714,7207,40,2026-08-31T15:49:28.155936+00:00
base_Dymarska2025_associations,base,study,Dymarska2025_associations,2.781106802960874,6.566650847944056,0.03488998046436955,7207,40,2026-08-31T15:50:11.713659+00:00
loo_balota2007_naming,ours,study,balota2007_naming,5.64561015524791,6.361949215518702,0.003867429812640054,100337,153,2026-08-31T15:50:27.095849+00:00
minitaur_Dymarska2025_associations,minitaur,study,Dymarska2025_associations,2.7655974621078605,6.531245706282196,0.034619921856252886,7207,40,2026-08-31T15:51:08.620309+00:00
loo_balota2007_LDT,ours,study,balota2007_LDT,0.3554042060967462,0.35508228053719304,0.0020862339104207772,100283,116,2026-08-31T15:58:45.160047+00:00
base_balota2007_naming,base,study,balota2007_naming,5.703640143305763,6.425210711776314,0.004116295782807388,100337,153,2026-08-31T16:03:53.567938+00:00
loo_brysbaert2014_Concreteness,ours,study,brysbaert2014_Concreteness,1.1494552203065134,1.1491800152326757,0.0028461021724588264,100224,302,2026-08-31T16:05:15.010269+00:00
base_balota2007_LDT,base,study,balota2007_LDT,0.4335231295433922,0.43337683335652294,0.0016913548915395494,100283,116,2026-08-31T16:11:04.146478+00:00
minitaur_balota2007_naming,minitaur,study,balota2007_naming,5.702295546021496,6.423100012333436,0.004119662840226838,100337,153,2026-08-31T16:17:20.652780+00:00
minitaur_balota2007_LDT,minitaur,study,balota2007_LDT,0.4287117457595006,0.42857194912323904,0.0017038669990146458,100283,116,2026-08-31T16:23:39.811745+00:00
base_brysbaert2014_Concreteness,base,study,brysbaert2014_Concreteness,1.26535310903576,1.265196751817433,0.0025881457023339627,100224,302,2026-08-31T16:26:50.015837+00:00
minitaur_brysbaert2014_Concreteness,minitaur,study,brysbaert2014_Concreteness,1.26003751596424,1.2597257978310226,0.002592195227322351,100224,302,2026-08-31T16:49:27.877824+00:00
loo_devardaetal2024_cloze,ours,study,devardaetal2024_cloze,2.9527631589487258,3.683411022680733,0.008997614299360211,100071,464,2026-08-31T20:02:59.385643+00:00
loo_frank2013_reading,ours,study,frank2013_reading,1.389229302832244,8.771605478447366,0.8944481655618294,74395,66,2026-08-31T20:17:26.991474+00:00
base_devardaetal2024_cloze,base,study,devardaetal2024_cloze,3.127804612340695,3.9020755496141684,0.00953661123733915,100071,464,2026-08-31T20:23:47.821602+00:00
base_frank2013_reading,base,study,frank2013_reading,1.2269880174291938,7.753710250808344,0.6452226449246596,74395,66,2026-08-31T20:27:53.813960+00:00
minitaur_frank2013_reading,minitaur,study,frank2013_reading,1.227192265795207,7.7552906856027946,0.6452818140263648,74395,66,2026-08-31T20:38:32.222727+00:00
minitaur_devardaetal2024_cloze,minitaur,study,devardaetal2024_cloze,3.114525587207998,3.8848222428213663,0.00948575024747511,100071,464,2026-08-31T20:45:15.376335+00:00
loo_devardaetal2024_rating,ours,study,devardaetal2024_rating,1.2700937006772821,1.2698861191999762,0.0023914228265788143,100106,464,2026-08-31T20:47:11.568822+00:00
loo_futrell2021_corpus,ours,study,futrell2021_corpus,4.326286720175708,4.359198710650154,0.007392801282395541,61446,31,2026-08-31T20:59:09.513131+00:00
base_futrell2021_corpus,base,study,futrell2021_corpus,4.3224108137788475,4.35372159853774,0.007696407285884952,61446,31,2026-08-31T21:06:44.970773+00:00
minitaur_futrell2021_corpus,minitaur,study,futrell2021_corpus,4.318485739203463,4.351581048059787,0.007679252032915244,61443,31,2026-08-31T21:14:17.891507+00:00
base_devardaetal2024_rating,base,study,devardaetal2024_rating,1.3499790222364294,1.349808554433765,0.002657033475544001,100106,464,2026-08-31T21:29:04.781688+00:00
minitaur_devardaetal2024_rating,minitaur,study,devardaetal2024_rating,1.3467724212334924,1.346574977630645,0.002638058945520162,100106,464,2026-08-31T22:10:40.137727+00:00
loo_guenther2022relational,ours,study,guenther2022relational,0.7226212496096471,2.7339292422207917,0.010552101728509683,22000,400,2026-09-01T00:44:06.904156+00:00
loo_guenther2020LDT,ours,study,guenther2020LDT,0.2700112033741927,0.26980399074833494,0.002029910443344408,75870,146,2026-09-01T00:51:20.233161+00:00
base_guenther2020LDT,base,study,guenther2020LDT,0.35883995650454725,0.3585919652827977,0.0018503068376973786,75870,146,2026-09-01T01:00:15.215220+00:00
base_guenther2022relational,base,study,guenther2022relational,0.7426013115856734,2.809940739024769,0.007400463357069664,22000,400,2026-09-01T01:01:06.702182+00:00
minitaur_guenther2020LDT,minitaur,study,guenther2020LDT,0.3469421378674048,0.34661234972174343,0.001955188557577876,75870,146,2026-09-01T01:09:05.831343+00:00
minitaur_guenther2022relational,minitaur,study,guenther2022relational,0.7358872420668284,2.784847380204634,0.007347885003192657,22000,400,2026-09-01T01:18:07.808894+00:00
loo_guenther2023ViSpa,ours,study,guenther2023ViSpa,0.34802527646129544,1.3987967686616352,0.0029533548208593124,66110,601,2026-09-01T01:31:31.080289+00:00
base_guenther2023ViSpa,base,study,guenther2023ViSpa,0.3811517339953359,1.5322346957507789,0.003153378291853684,66110,601,2026-09-01T01:48:38.529168+00:00
minitaur_guenther2023ViSpa,minitaur,study,guenther2023ViSpa,0.37894380501015573,1.5232571803969888,0.0031263782894161056,66110,601,2026-09-01T02:05:44.552905+00:00
loo_guenther2020TS,ours,study,guenther2020TS,0.2742739463347311,0.27403889343271437,0.00203947873189991,75356,145,2026-09-01T02:21:29.077813+00:00
base_guenther2020TS,base,study,guenther2020TS,0.38764373440734645,0.38750294921719486,0.001603972766717669,75356,145,2026-09-01T02:30:25.561658+00:00
minitaur_guenther2020TS,minitaur,study,guenther2020TS,0.3706809179096555,0.37063874099353195,0.0017038000379624816,75356,145,2026-09-01T02:39:21.162174+00:00
loo_guenther2023associations_individual,ours,study,guenther2023associations_individual,3.719421723416397,5.602351186246225,0.012764603312813714,41886,281,2026-09-01T05:12:43.135029+00:00
base_guenther2023associations_individual,base,study,guenther2023associations_individual,3.924988903683977,5.911458576681256,0.012985510787804652,41886,281,2026-09-01T05:16:35.338535+00:00
loo_guenther2024comprehension,ours,study,guenther2024comprehension,0.41101580257603637,0.4137519452211668,0.006037869069446048,27522,417,2026-09-01T05:18:50.207038+00:00
minitaur_guenther2023associations_individual,minitaur,study,guenther2023associations_individual,3.915921628305117,5.896918540480645,0.012939138158097914,41886,281,2026-09-01T05:20:30.986708+00:00
base_guenther2024comprehension,base,study,guenther2024comprehension,0.522253941624274,0.5256193959516335,0.007786235044128584,27522,417,2026-09-01T05:24:52.696715+00:00
minitaur_guenther2024comprehension,minitaur,study,guenther2024comprehension,0.514145199696937,0.517388797812957,0.007695071923638034,27522,417,2026-09-01T05:30:56.965544+00:00
loo_guenther2024substitutions,ours,study,guenther2024substitutions,3.1550209622679177,6.293250515332364,0.06396530082781329,45198,485,2026-09-01T06:16:20.774877+00:00
base_guenther2024substitutions,base,study,guenther2024substitutions,3.406834364810009,6.796148906076285,0.05164912357247252,45198,485,2026-09-01T06:21:19.572300+00:00
minitaur_guenther2024substitutions,minitaur,study,guenther2024substitutions,3.389720724917371,6.761833172350037,0.05156748310861296,45198,485,2026-09-01T06:26:19.997419+00:00
loo_guenther2023grammaticality,ours,study,guenther2023grammaticality,0.3431560724431818,0.34298865925182,0.005294696587161704,8800,80,2026-09-01T06:46:24.449316+00:00
base_guenther2023grammaticality,base,study,guenther2023grammaticality,0.3313707386363636,0.33109437422318894,0.007413090363737907,8800,80,2026-09-01T06:48:16.215214+00:00
minitaur_guenther2023grammaticality,minitaur,study,guenther2023grammaticality,0.32714311079545455,0.32677283893931997,0.007354380963081045,8800,80,2026-09-01T06:50:09.423774+00:00
loo_hilton2021_comprehension,ours,study,hilton2021_comprehension,0.7089469178082192,0.7085738717693172,0.01548787150322777,2920,40,2026-09-01T09:23:27.947274+00:00
base_hilton2021_comprehension,base,study,hilton2021_comprehension,0.7554794520547945,0.7553418616725974,0.015298000435600789,2920,40,2026-09-01T09:25:06.679569+00:00
minitaur_hilton2021_comprehension,minitaur,study,hilton2021_comprehension,0.7430650684931507,0.7427592133822506,0.015245437702273353,2920,40,2026-09-01T09:26:47.356545+00:00
loo_keuleers2011_britishlexiconproject,ours,study,keuleers2011_britishlexiconproject,0.014811468873049892,0.014194571766903006,0.000408739625601025,100315,243,2026-09-01T09:35:39.888770+00:00
base_keuleers2011_britishlexiconproject,base,study,keuleers2011_britishlexiconproject,0.044778323281662764,0.04417173215163251,0.0011529676209287283,100315,243,2026-09-01T09:48:33.138838+00:00
minitaur_keuleers2011_britishlexiconproject,minitaur,study,keuleers2011_britishlexiconproject,0.044632532522553954,0.04404235514331029,0.0010873441798058367,100315,243,2026-09-01T10:01:59.397412+00:00
loo_kyroelaeinen2022_valence,ours,study,kyroelaeinen2022_valence,1.5077800259792167,1.5076899216710615,0.002715473336634832,100080,921,2026-09-01T10:38:46.627368+00:00
base_kyroelaeinen2022_valence,base,study,kyroelaeinen2022_valence,1.5771251748601118,1.5770061877134034,0.0029623351190490393,100080,921,2026-09-01T10:49:25.157145+00:00
minitaur_kyroelaeinen2022_valence,minitaur,study,kyroelaeinen2022_valence,1.5673423760991207,1.5670467205947156,0.002927331942143656,100080,921,2026-09-01T11:00:07.409912+00:00
loo_hutchison2013_semantic,ours,study,hutchison2013_semantic,2.1349130640022027,2.1643013868334666,0.009028463716676224,100281,151,2026-09-01T11:02:10.142740+00:00
base_hutchison2013_semantic,base,study,hutchison2013_semantic,2.1672288658982732,2.197107143635856,0.00910981350512354,100281,151,2026-09-01T11:18:11.281887+00:00
minitaur_hutchison2013_semantic,minitaur,study,hutchison2013_semantic,2.1625821171472404,2.1927435812714906,0.009114855531045357,100281,151,2026-09-01T11:34:13.344733+00:00
loo_lynott2020lancaster,ours,study,lynott2020lancaster,0.730151266358163,0.7298273700312274,0.003576340578763217,100485,190,2026-09-01T13:32:13.306280+00:00
base_lynott2020lancaster,base,study,lynott2020lancaster,0.7754067771309151,0.7754995061063218,0.0036276956857134385,100485,190,2026-09-01T13:40:06.596130+00:00
minitaur_lynott2020lancaster,minitaur,study,lynott2020lancaster,0.7728193262676021,0.7727259340052309,0.003622730330972154,100485,190,2026-09-01T13:48:01.502889+00:00
loo_pexman2016_calgary,ours,study,pexman2016_calgary,0.31916160649784253,0.32533268292036055,0.0017589352298895027,100448,101,2026-09-01T14:04:23.863647+00:00
base_pexman2016_calgary,base,study,pexman2016_calgary,0.39262354296425017,0.4000401562207366,0.0016132852818376159,100448,101,2026-09-01T14:16:43.827590+00:00
minitaur_pexman2016_calgary,minitaur,study,pexman2016_calgary,0.3838764472733663,0.39114644596553144,0.001650243327522859,100448,101,2026-09-01T14:28:56.103903+00:00
loo_pissani2026_metaphor,ours,study,pissani2026_metaphor,1.6075243524463139,1.6073860418247308,0.0037850469137322745,40653,129,2026-09-01T15:11:28.572582+00:00
base_pissani2026_metaphor,base,study,pissani2026_metaphor,1.6427523798981625,1.6421579443490295,0.0038469895215291604,40653,129,2026-09-01T15:17:59.159413+00:00
minitaur_pissani2026_metaphor,minitaur,study,pissani2026_metaphor,1.641949856099181,1.6415965674451494,0.0038335907652733356,40653,129,2026-09-01T15:24:28.476959+00:00
loo_marson2026_eplep,ours,study,marson2026_eplep,0.24164842498665243,0.24113233249580804,0.0023362116948109878,93650,104,2026-09-01T15:43:31.420933+00:00
base_marson2026_eplep,base,study,marson2026_eplep,0.2862960491190603,0.2858411723155741,0.00215584164874183,93650,104,2026-09-01T15:51:07.072844+00:00
minitaur_marson2026_eplep,minitaur,study,marson2026_eplep,0.2837399893219434,0.2834496689046441,0.0021494085720936257,93650,104,2026-09-01T15:58:42.486984+00:00
loo_stella2026_formamentis_data,ours,study,stella2026_formamentis_data,2.765705563093623,3.3540836281490765,0.033025554357393114,12152,177,2026-09-01T17:51:33.856842+00:00
base_stella2026_formamentis_data,base,study,stella2026_formamentis_data,2.837008141112619,3.4403144304025637,0.03253728250651144,12152,177,2026-09-01T17:53:34.402296+00:00
minitaur_stella2026_formamentis_data,minitaur,study,stella2026_formamentis_data,2.8239484396200814,3.4255619815025304,0.0324290051235317,12152,177,2026-09-01T17:55:34.742114+00:00
loo_tsaregorodtseva2026_mousetracking,ours,study,tsaregorodtseva2026_mousetracking,0.318252331420373,0.31793440075823703,0.002242020404454702,55760,164,2026-09-01T20:13:17.904944+00:00
base_tsaregorodtseva2026_mousetracking,base,study,tsaregorodtseva2026_mousetracking,0.42948350071736013,0.42941208651965457,0.0018994133709893484,55760,164,2026-09-01T20:21:49.731763+00:00
minitaur_tsaregorodtseva2026_mousetracking,minitaur,study,tsaregorodtseva2026_mousetracking,0.41522596843615495,0.4152458114295642,0.0019259474889695898,55760,164,2026-09-01T20:30:22.515926+00:00
loo_paradigm_comprehension,ours,paradigm,comprehension,0.452006560694585,0.45469937701394764,0.0056722039168332575,30442,457,2026-09-02T15:15:50.140929+00:00
base_paradigm_comprehension,base,paradigm,comprehension,0.5444825700949832,0.5476544002189359,0.007201081058387258,30442,457,2026-09-02T15:23:28.155183+00:00
minitaur_paradigm_comprehension,minitaur,paradigm,comprehension,0.5359634592159807,0.5390063529493586,0.007119101274900582,30442,457,2026-09-02T15:31:16.337589+00:00
loo_paradigm_self_paced_reading,ours,paradigm,self-paced reading,4.068315180191256,4.4957028248822155,0.003026498018863683,408470,249,2026-09-02T15:33:18.128537+00:00
loo_paradigm_lexical_decision,ours,paradigm,lexical decision,0.6401286212527468,0.6417753973244698,0.002307992935628506,494515,797,2026-09-02T15:43:34.200611+00:00
loo_paradigm_norms_ratings,ours,paradigm,norms/ratings,1.2293594042729774,1.2291652426607664,0.0013496217564727942,491601,2243,2026-09-02T15:47:24.858051+00:00
base_paradigm_self_paced_reading,base,paradigm,self-paced reading,4.0317297873235916,4.45473249562762,0.003159314850377748,408470,249,2026-09-02T16:15:43.935292+00:00
base_paradigm_lexical_decision,base,paradigm,lexical decision,0.688376711086023,0.6900855513029693,0.002318747052395085,494515,797,2026-09-02T16:43:05.989154+00:00
minitaur_paradigm_self_paced_reading,minitaur,paradigm,self-paced reading,4.030179651330218,4.453979635636846,0.003151041417291629,408463,249,2026-09-02T16:58:24.288978+00:00
base_paradigm_norms_ratings,base,paradigm,norms/ratings,1.2702715210099247,1.2701456226611614,0.0014036848779779428,491601,2243,2026-09-02T17:18:40.819561+00:00
minitaur_paradigm_lexical_decision,minitaur,paradigm,lexical decision,0.6839703495756305,0.6857773887825817,0.002320126369920402,494515,797,2026-09-02T17:43:03.810434+00:00
minitaur_paradigm_norms_ratings,minitaur,paradigm,norms/ratings,1.2653835376657085,1.2651224810499584,0.0013973425991734862,491601,2243,2026-09-02T18:48:36.863123+00:00
loo_paradigm_word_association,ours,paradigm,word association,3.4093372414229384,5.279111579062258,0.012300798031388834,61245,498,2026-09-02T21:26:09.974405+00:00
base_paradigm_word_association,base,paradigm,word association,3.5506136262994747,5.498243245362983,0.012458782123775866,61245,498,2026-09-02T21:32:01.157816+00:00
minitaur_paradigm_word_association,minitaur,paradigm,word association,3.539769731986589,5.4812057635883225,0.012411286304219143,61245,498,2026-09-02T21:37:55.692431+00:00
