freq_bin,mean_log_freq,mean_nll,n_items,study,model
"(2.199, 2.73]",2.472711137568439,0.4652258693790041,12331,balota2007_LDT,base
"(2.73, 3.255]",2.979296227047332,0.38215382446932666,11380,balota2007_LDT,base
"(3.255, 3.781]",3.4964375922894204,0.3021478978448964,7442,balota2007_LDT,base
"(3.781, 4.306]",4.012398128826613,0.26243503720378586,4303,balota2007_LDT,base
"(4.306, 4.832]",4.534209416139075,0.23009332894774875,1892,balota2007_LDT,base
"(4.832, 5.357]",5.052908750460906,0.16183945739153519,618,balota2007_LDT,base
"(5.357, 5.883]",5.559228555539855,0.2924574973366477,275,balota2007_LDT,base
"(5.883, 6.408]",6.13873398202693,0.2851243195710359,108,balota2007_LDT,base
"(6.408, 6.934]",6.615829935376579,0.3398992365056818,44,balota2007_LDT,base
"(6.934, 7.459]",7.274002482166723,0.45189666748046875,16,balota2007_LDT,base
"(2.199, 2.73]",2.472711137568439,0.384493590155306,12331,balota2007_LDT,ours
"(2.73, 3.255]",2.979296227047332,0.3067165113291548,11380,balota2007_LDT,ours
"(3.255, 3.781]",3.4964375922894204,0.20944090025362805,7442,balota2007_LDT,ours
"(3.781, 4.306]",4.012398128826613,0.1797366274142858,4303,balota2007_LDT,ours
"(4.306, 4.832]",4.534209416139075,0.15833296987521472,1892,balota2007_LDT,ours
"(4.832, 5.357]",5.052908750460906,0.09475332710735235,618,balota2007_LDT,ours
"(5.357, 5.883]",5.559228555539855,0.23396373401988638,275,balota2007_LDT,ours
"(5.883, 6.408]",6.13873398202693,0.2146829675745081,108,balota2007_LDT,ours
"(6.408, 6.934]",6.615829935376579,0.17197140780362216,44,balota2007_LDT,ours
"(6.934, 7.459]",7.274002482166723,0.2927417755126953,16,balota2007_LDT,ours
"(2.202, 2.459]",2.324541449646609,0.4578423983808877,5451,guenther2020LDT,base
"(2.459, 2.714]",2.579235652103625,0.4003985350650677,5355,guenther2020LDT,base
"(2.714, 2.968]",2.832393499353872,0.3288395486106428,4634,guenther2020LDT,base
"(2.968, 3.223]",3.0826318273859625,0.2881300982306985,2805,guenther2020LDT,base
"(3.223, 3.478]",3.3377328037945846,0.202745802514946,1887,guenther2020LDT,base
"(3.478, 3.733]",3.6109787334133268,0.18739199407706683,1137,guenther2020LDT,base
"(3.733, 3.988]",3.8416480778254396,0.1325294868403278,694,guenther2020LDT,base
"(3.988, 4.242]",4.0996264062495555,0.11502955768602009,454,guenther2020LDT,base
"(4.242, 4.497]",4.340357163849914,0.12265065511067709,120,guenther2020LDT,base
"(4.497, 4.752]",4.627397311361625,0.2449417814202265,218,guenther2020LDT,base
"(2.202, 2.459]",2.324541449646609,0.3727536856679824,5451,guenther2020LDT,ours
"(2.459, 2.714]",2.579235652103625,0.30364095507994865,5355,guenther2020LDT,ours
"(2.714, 2.968]",2.832393499353872,0.2291601425519934,4634,guenther2020LDT,ours
"(2.968, 3.223]",3.0826318273859625,0.1997683927974599,2805,guenther2020LDT,ours
"(3.223, 3.478]",3.3377328037945846,0.13677535388099496,1887,guenther2020LDT,ours
"(3.478, 3.733]",3.6109787334133268,0.11865387365497197,1137,guenther2020LDT,ours
"(3.733, 3.988]",3.8416480778254396,0.0813381403942273,694,guenther2020LDT,ours
"(3.988, 4.242]",4.0996264062495555,0.07223739287926761,454,guenther2020LDT,ours
"(4.242, 4.497]",4.340357163849914,0.05876973470052083,120,guenther2020LDT,ours
"(4.497, 4.752]",4.627397311361625,0.07760746107188933,218,guenther2020LDT,ours
"(2.199, 2.73]",2.472892051345372,0.04272279356906949,9126,keuleers2011_britishlexiconproject,base
"(2.73, 3.255]",2.9844752015528084,0.042972721847857505,9297,keuleers2011_britishlexiconproject,base
"(3.255, 3.781]",3.504622706854171,0.03129590916974757,6779,keuleers2011_britishlexiconproject,base
"(3.781, 4.306]",4.015643607160792,0.04297573004711875,4359,keuleers2011_britishlexiconproject,base
"(4.306, 4.832]",4.538244878178912,0.04065787587969877,2218,keuleers2011_britishlexiconproject,base
"(4.832, 5.357]",5.070443372330275,0.04824082394863697,846,keuleers2011_britishlexiconproject,base
"(5.357, 5.883]",5.582403343539879,0.037549330409328244,401,keuleers2011_britishlexiconproject,base
"(5.883, 6.408]",6.104120075939469,0.015792428630672088,146,keuleers2011_britishlexiconproject,base
"(6.408, 6.934]",6.62865279365792,0.003876557221283784,74,keuleers2011_britishlexiconproject,base
"(6.934, 7.459]",7.183025357494477,0.014251708984375,16,keuleers2011_britishlexiconproject,base
"(2.199, 2.73]",2.472892051345372,0.021503643275822514,9126,keuleers2011_britishlexiconproject,ours
"(2.73, 3.255]",2.9844752015528084,0.014483074045853165,9297,keuleers2011_britishlexiconproject,ours
"(3.255, 3.781]",3.504622706854171,0.009061082659050469,6779,keuleers2011_britishlexiconproject,ours
"(3.781, 4.306]",4.015643607160792,0.007508465389943938,4359,keuleers2011_britishlexiconproject,ours
"(4.306, 4.832]",4.538244878178912,0.006927737897317403,2218,keuleers2011_britishlexiconproject,ours
"(4.832, 5.357]",5.070443372330275,0.0069380956338652485,846,keuleers2011_britishlexiconproject,ours
"(5.357, 5.883]",5.582403343539879,0.004233495850218204,401,keuleers2011_britishlexiconproject,ours
"(5.883, 6.408]",6.104120075939469,0.003691790855094178,146,keuleers2011_britishlexiconproject,ours
"(6.408, 6.934]",6.62865279365792,0.004611453494510135,74,keuleers2011_britishlexiconproject,ours
"(6.934, 7.459]",7.183025357494477,0.00725555419921875,16,keuleers2011_britishlexiconproject,ours
"(2.199, 2.73]",2.4797900167251417,0.4856363654353797,10980,marson2026_eplep,base
"(2.73, 3.255]",2.97851609246913,0.3447169559336348,11036,marson2026_eplep,base
"(3.255, 3.781]",3.495930161044772,0.241197761604526,7421,marson2026_eplep,base
"(3.781, 4.306]",4.018469849430049,0.17783122768814671,4808,marson2026_eplep,base
"(4.306, 4.832]",4.549222965410374,0.12215541301420399,2573,marson2026_eplep,base
"(4.832, 5.357]",5.0637499241841715,0.14344672827479577,811,marson2026_eplep,base
"(5.357, 5.883]",5.599053723006027,0.13172619752209597,396,marson2026_eplep,base
"(5.883, 6.408]",6.054325112990603,0.1719835234851372,205,marson2026_eplep,base
"(6.408, 6.934]",6.551150394716175,0.13799571990966797,32,marson2026_eplep,base
"(6.934, 7.459]",7.224969393803178,0.45541616586538464,13,marson2026_eplep,base
"(2.199, 2.73]",2.4797900167251417,0.39626439273465963,10980,marson2026_eplep,ours
"(2.73, 3.255]",2.97851609246913,0.26282415773696594,11036,marson2026_eplep,ours
"(3.255, 3.781]",3.495930161044772,0.15613417631210205,7421,marson2026_eplep,ours
"(3.781, 4.306]",4.018469849430049,0.12129941994259243,4808,marson2026_eplep,ours
"(4.306, 4.832]",4.549222965410374,0.08619172221901719,2573,marson2026_eplep,ours
"(4.832, 5.357]",5.0637499241841715,0.0914495917342594,811,marson2026_eplep,ours
"(5.357, 5.883]",5.599053723006027,0.10619500670770202,396,marson2026_eplep,ours
"(5.883, 6.408]",6.054325112990603,0.1716828136909299,205,marson2026_eplep,ours
"(6.408, 6.934]",6.551150394716175,0.11109256744384766,32,marson2026_eplep,ours
"(6.934, 7.459]",7.224969393803178,0.29846895658052885,13,marson2026_eplep,ours
"(2.199, 2.73]",2.437660744020363,0.296805730596319,2220,hutchison2013_semantic,base
"(2.73, 3.255]",3.0104099802012256,0.38352799966441586,3073,hutchison2013_semantic,base
"(3.255, 3.781]",3.5599707106464566,0.33681876855639775,7423,hutchison2013_semantic,base
"(3.781, 4.306]",4.056024134125568,0.22452333235222166,13381,hutchison2013_semantic,base
"(4.306, 4.832]",4.566600213482497,0.16310962465509496,14123,hutchison2013_semantic,base
"(4.832, 5.357]",5.06456437600306,0.14821477439882497,7178,hutchison2013_semantic,base
"(5.357, 5.883]",5.561645381348926,0.19283920863889298,3816,hutchison2013_semantic,base
"(5.883, 6.408]",6.115931211723868,0.22375284663142248,1214,hutchison2013_semantic,base
"(6.408, 6.934]",6.602464515299705,0.320377197265625,575,hutchison2013_semantic,base
"(6.934, 7.459]",7.306426425167943,0.18925266639859067,51,hutchison2013_semantic,base
"(2.199, 2.73]",2.437660744020363,0.21183611895586993,2220,hutchison2013_semantic,ours
"(2.73, 3.255]",3.0104099802012256,0.28231381516560566,3073,hutchison2013_semantic,ours
"(3.255, 3.781]",3.5599707106464566,0.24087266640635524,7423,hutchison2013_semantic,ours
"(3.781, 4.306]",4.056024134125568,0.1607978466727543,13381,hutchison2013_semantic,ours
"(4.306, 4.832]",4.566600213482497,0.1274278080683714,14123,hutchison2013_semantic,ours
"(4.832, 5.357]",5.06456437600306,0.11718613100304315,7178,hutchison2013_semantic,ours
"(5.357, 5.883]",5.561645381348926,0.13110885780062564,3816,hutchison2013_semantic,ours
"(5.883, 6.408]",6.115931211723868,0.18848357601260038,1214,hutchison2013_semantic,ours
"(6.408, 6.934]",6.602464515299705,0.22874357804008152,575,hutchison2013_semantic,ours
"(6.934, 7.459]",7.306426425167943,0.19306497012867646,51,hutchison2013_semantic,ours
